UC1:
mysql> CREATE DATABASE payroll_service;

--------------------------------------------------------------------------------------------------------------------------

UC2:

mysql> CREATE TABLE employee_payroll(id int PRIMARY KEY AUTO_INCREMENT , Name varchar(20) , Salary int , Start_Date DATE);
Query OK, 0 rows affected (1.64 sec)

mysql> desc employee_payroll;
+------------+-------------+------+-----+---------+----------------+
| Field      | Type        | Null | Key | Default | Extra          |
+------------+-------------+------+-----+---------+----------------+
| id         | int         | NO   | PRI | NULL    | auto_increment |
| Name       | varchar(20) | YES  |     | NULL    |                |
| Salary     | int         | YES  |     | NULL    |                |
| Start_Date | date        | YES  |     | NULL    |                |
+------------+-------------+------+-----+---------+----------------+
4 rows in set (0.12 sec)

----------------------------------------------------------------------------------------------------------------------------

UC3:

mysql> INSERT INTO employee_payroll VALUES(1,"Tom Thomas", 900000, '2022-3-23');
Query OK, 1 row affected (0.12 sec)

mysql> INSERT INTO employee_payroll VALUES(2,"Rijo Var", 60000, '2022-2-14');
Query OK, 1 row affected (0.12 sec)

mysql> INSERT INTO employee_payroll VALUES(3,"Pranav Shinde", 72900, '2021-9-10');
Query OK, 1 row affected (0.13 sec)

-------------------------------------------------------------------------------------------------------------------------------

UC4:

mysql> SELECT * FROM employee_payroll;
+----+---------------+--------+------------+
| id | Name          | Salary | Start_Date |
+----+---------------+--------+------------+
|  1 | Tom Thomas    | 900000 | 2022-03-23 |
|  2 | Rijo Var      |  60000 | 2022-02-14 |
|  3 | Pranav Shinde |  72900 | 2021-09-10 |
+----+---------------+--------+------------+
3 rows in set (0.00 sec)

--------------------------------------------------------------------------------------------------------------------------------

UC5:

mysql> SELECT Salary FROM employee_payroll WHERE name ="Tom Thomas";
+--------+
| Salary |
+--------+
| 900000 |
+--------+
1 row in set (0.00 sec)

mysql> SELECT Name, Start_Date FROM employee_payroll WHERE Start_Date Between CAST('2022-01-01'AS DATE) AND DATE(NOW());
+------------+------------+
| Name       | Start_Date |
+------------+------------+
| Tom Thomas | 2022-03-23 |
| Rijo Var   | 2022-02-14 |
+------------+------------+
2 rows in set (0.07 sec)

----------------------------------------------------------------------------------------------------------------------------------

UC6:

mysql> UPDATE employee_payroll SET Gender = "M" WHERE Name = "Tom Thomas" or Name = "Rijo Var";
mysql> UPDATE employee_payroll SET Gender = "F" WHERE Name = "Pranav Shinde";

mysql> SELECT * from employee_payroll;
+----+---------------+--------+------------+--------+
| id | Name          | Salary | Start_Date | Gender |
+----+---------------+--------+------------+--------+
|  1 | Tom Thomas    | 900000 | 2022-03-23 | M      |
|  2 | Rijo Var      |  60000 | 2022-02-14 | M      |
|  3 | Pranav Shinde |  72900 | 2021-09-10 | F      |
+----+---------------+--------+------------+--------+
3 rows in set (0.00 sec)

----------------------------------------------------------------------------------------------------------------------------------

UC7:

  SELECT SUM(salary) FROM employee_payroll WHERE Gender = 'M' GROUP BY Gender;
	SELECT AVG(Salary) FROM employee_payroll GROUP BY Gender;
	SELECT MIN(Salary) FROM employee_payroll GROUP BY Gender;
	SELECT MAX(Salary) FROM employee_payroll GROUP BY Gender;
	SELECT Gender, COUNT(Gender) FROM employee_payroll GROUP BY Gender;
  
  ----------------------------------------------------------------------------------------------------------------------------------
  
  UC8:
  
  mysql> ALTER TABLE employee_payroll ADD Phone int, ADD Address varchar(50) DEFAULT 'India', ADD Department varchar(30) NOT NULL;
   Query OK, 0 rows affected (1.76 sec)
   Records: 0  Duplicates: 0  Warnings: 0

mysql> SELECT * from employee_payroll;
+----+---------------+--------+------------+--------+-------+---------+------------+
| id | Name          | Salary | Start_Date | Gender | Phone | Address | Department |
+----+---------------+--------+------------+--------+-------+---------+------------+
|  1 | Tom Thomas    | 900000 | 2022-03-23 | M      |  NULL | India   |            |
|  2 | Rijo Var      |  60000 | 2022-02-14 | M      |  NULL | India   |            |
|  3 | Pranav Shinde |  72900 | 2021-09-10 | F      |  NULL | India   |            |
+----+---------------+--------+------------+--------+-------+---------+------------+
3 rows in set (0.00 sec)

---------------------------------------------------------------------------------------------------------------------------------

UC9:

mysql> ALTER TABLE employee_payroll ADD Basic_Pay int, ADD Deductions int, ADD Taxable_Pay int, ADD Income_Tax int, ADD Net_Pay int;
Query OK, 0 rows affected (0.93 sec)
Records: 0  Duplicates: 0  Warnings: 0

mysql> SELECT * from employee_payroll;
+----+---------------+--------+------------+--------+-------+---------+------------+-----------+------------+-------------+------------+---------+
| id | Name          | Salary | Start_Date | Gender | Phone | Address | Department | Basic_Pay | Deductions | Taxable_Pay | Income_Tax | Net_Pay |
+----+---------------+--------+------------+--------+-------+---------+------------+-----------+------------+-------------+------------+---------+
|  1 | Tom Thomas    | 900000 | 2022-03-23 | M      |  NULL | India   |            |      NULL |       NULL |        NULL |       NULL |    NULL |
|  2 | Rijo Var      |  60000 | 2022-02-14 | M      |  NULL | India   |            |      NULL |       NULL |        NULL |       NULL |    NULL |
|  3 | Pranav Shinde |  72900 | 2021-09-10 | F      |  NULL | India   |            |      NULL |       NULL |        NULL |       NULL |    NULL |
+----+---------------+--------+------------+--------+-------+---------+------------+-----------+------------+-------------+------------+---------+
3 rows in set (0.05 sec)

-------------------------------------------------------------------------------------------------------------------------------------

UC10:

CREATE TABLE Department (
			department_id int PRIMARY KEY , 
			Name varchar(30), 
			Department varchar(30) NOT NULL,
			employee_id int,
			FOREIGN KEY (employee_id) REFERENCES employee_payroll(id) ); 
      
      mysql> desc Department;
+---------------+-------------+------+-----+---------+-------+
| Field         | Type        | Null | Key | Default | Extra |
+---------------+-------------+------+-----+---------+-------+
| department_id | int         | NO   | PRI | NULL    |       |
| Name          | varchar(30) | YES  |     | NULL    |       |
| Department    | varchar(30) | NO   |     | NULL    |       |
| employee_id   | int         | YES  | MUL | NULL    |       |
+---------------+-------------+------+-----+---------+-------+
4 rows in set (0.02 sec)
      
	ALTER TABLE employee_payroll DROP COLUMN Department;
  
	INSERT INTO employee_payroll VALUES(4, 'Terissa', 350000, '2021-3-21', 'F', 123456789, 'US', 123456, 123, 123, 123, 123); 
  
	INSERT INTO department VALUES (2, 'Terissa', 'Marketing', 4);
  
mysql> SELECT * FROM employee_payroll LEFT JOIN department ON employee_payroll.id = department.employee_id;
+----+---------------+--------+------------+--------+-----------+---------+-----------+------------+-------------+------------+---------+---------------+---------+------------+-------------+
| id | Name          | Salary | Start_Date | Gender | Phone     | Address | Basic_Pay | Deductions | Taxable_Pay | Income_Tax | Net_Pay | department_id | Name    | Department | employee_id |
+----+---------------+--------+------------+--------+-----------+---------+-----------+------------+-------------+------------+---------+---------------+---------+------------+-------------+
|  1 | Tom Thomas    | 900000 | 2022-03-23 | M      |      NULL | India   |      NULL |       NULL |        NULL |       NULL |    NULL |          NULL | NULL    | NULL       |        NULL |
|  2 | Rijo Var      |  60000 | 2022-02-14 | M      |      NULL | India   |      NULL |       NULL |        NULL |       NULL |    NULL |          NULL | NULL    | NULL       |        NULL |
|  3 | Pranav Shinde |  72900 | 2021-09-10 | F      |      NULL | India   |      NULL |       NULL |        NULL |       NULL |    NULL |          NULL | NULL    | NULL       |        NULL |
|  4 | Terissa       | 350000 | 2021-03-21 | F      | 123456789 | US      |     20000 |       2000 |        1000 |        200 |   18000 |             2 | Terissa | Sales      |           4 |
|  4 | Terissa       | 350000 | 2021-03-21 | F      | 123456789 | US      |     20000 |       2000 |        1000 |        200 |   18000 |             1 | Terissa | Marketing  |           4 |
+----+---------------+--------+------------+--------+-----------+---------+-----------+------------+-------------+------------+---------+---------------+---------+------------+-------------+
5 rows in set (0.00 sec)

----------------------------------------------------------------------------------------------------------------------------------------------------

UC 11 :

CREATE TABLE PAYROLL AS (SELECT id, Name, Salary, Basic_Pay, Deductions, Taxable_Pay, Income_Tax, Net_Pay FROM employee_payroll);

---------------------------------------------------------------------------------------------------------------------------------------------------









